brand,processor_brand,processor_name,processor_gnrtn,ram_gb,ram_type,ssd,hdd,os,graphic_card_gb,warranty,Price,rating,Number of Ratings,Number of Reviews,Touchscreen_Yes,msoffice_Yes,weight_Casual,weight_Gaming,weight_ThinNlight
1,1,6,5,0,5,0,1,4,0,0,45990,2,0,0,0,0,1,0,0
1,1,2,4,1,4,0,1,0,2,0,106167,3,1881,241,0,0,1,0,0
1,1,0,5,0,1,0,1,4,0,0,22990,2,0,0,0,0,1,0,0
5,1,1,5,0,1,2,0,4,0,1,44990,3,42,4,0,1,1,0,0
4,0,9,5,2,1,3,0,4,1,1,79990,2,23,6,0,1,1,0,0
0,2,5,4,1,1,3,0,3,0,1,101990,3,809,91,0,0,1,0,0
4,1,2,5,1,1,3,0,4,0,1,63990,3,3,0,0,1,0,0,1
1,1,6,5,0,1,0,2,4,0,0,30780,2,0,0,0,0,1,0,0
4,1,1,5,1,1,3,0,4,0,1,43970,3,571,56,0,1,0,0,1
5,1,0,5,0,1,0,2,1,0,0,29999,2,19,1,0,0,1,0,0
3,1,1,5,0,1,2,0,1,0,0,43900,2,0,0,0,0,1,0,0
1,1,1,4,0,1,3,0,4,0,1,42990,3,1869,234,0,1,0,0,1
3,1,2,5,1,1,3,0,1,1,0,73519,2,0,0,0,0,1,0,0
5,0,9,5,0,1,4,0,4,0,1,77988,2,0,0,0,1,1,0,0
4,1,2,5,2,1,3,0,4,0,1,67990,3,108,6,0,1,0,0,1
1,1,2,4,1,1,3,0,4,1,0,86990,2,0,0,0,0,1,0,0
0,2,5,4,1,1,3,0,3,0,1,131990,3,399,45,0,0,1,0,0
1,1,2,4,1,1,2,2,1,1,0,58990,4,1,1,0,0,1,0,0
1,1,0,5,0,4,0,1,1,0,0,23490,3,632,92,0,0,1,0,0
7,0,8,4,0,1,0,1,1,3,0,93700,3,259,47,0,0,1,0,0
0,2,5,4,2,1,4,0,3,0,1,169990,3,640,70,0,0,1,0,0
3,1,1,4,1,1,3,0,4,0,1,41990,2,29,7,0,1,0,0,1
0,2,5,4,2,1,3,0,3,0,1,149990,3,640,70,0,0,1,0,0
5,1,3,5,2,1,3,0,4,0,2,84990,3,13,2,1,1,1,0,0
4,0,8,5,0,1,3,0,4,0,1,54590,3,349,69,0,1,0,0,1
1,1,2,5,1,1,4,0,4,2,0,75990,3,368,48,0,0,0,1,0
7,1,2,2,1,0,3,0,4,0,1,64990,2,4,1,0,0,0,0,1
1,0,9,5,2,1,3,0,4,0,1,79990,2,0,0,0,0,1,0,0
4,1,1,5,0,1,3,0,4,0,1,47990,3,1605,215,0,1,0,0,1
1,1,3,2,2,1,2,2,4,0,0,98912,2,0,0,0,0,0,0,1
3,1,2,5,1,1,3,0,4,0,1,71090,3,44,6,0,1,0,0,1
3,1,1,4,1,1,2,0,4,0,1,39490,3,1267,171,0,1,0,0,1
5,0,9,5,0,1,3,0,4,0,1,78990,3,6,0,1,0,1,0,0
7,1,3,5,2,1,3,2,4,2,1,92990,3,214,37,0,0,1,0,0
5,1,2,5,1,1,3,0,4,0,1,87990,3,28,6,1,1,1,0,0
1,0,7,5,0,1,2,0,4,0,1,33690,3,170,26,0,0,0,0,1
1,1,1,5,0,1,2,0,4,0,1,36990,3,70,9,0,0,0,0,1
1,0,7,5,0,1,2,0,4,0,1,34500,3,2886,375,0,1,0,0,1
6,1,2,4,1,4,0,1,0,3,0,145990,3,715,106,0,0,1,0,0
4,1,3,5,2,1,3,0,4,0,1,99999,2,0,0,1,1,1,0,0
0,2,5,4,2,1,2,0,3,0,1,104990,3,45,4,0,0,1,0,0
4,0,8,5,0,1,3,0,4,0,1,55090,3,364,52,0,1,0,0,1
4,1,2,4,1,1,3,0,4,0,1,55990,3,30,4,0,1,0,0,1
1,0,10,5,0,5,4,0,4,2,1,114990,3,14,1,1,0,1,0,0
5,1,2,1,1,1,0,2,1,1,0,57999,2,0,0,0,0,1,0,0
1,1,2,5,1,5,3,0,4,0,0,84990,2,0,0,0,0,0,0,1
1,1,4,6,2,2,4,0,4,3,0,299990,2,0,0,0,0,1,0,0
4,1,3,4,2,3,3,0,4,0,1,239759,2,0,0,1,1,1,0,0
1,1,2,5,1,1,3,0,4,0,1,84990,2,17,2,1,1,1,0,0
1,1,2,4,1,1,0,2,1,1,0,58799,2,0,0,0,0,1,0,0
4,1,2,4,1,1,3,0,4,2,1,106490,3,3,0,0,1,1,0,0
6,1,1,4,1,1,3,0,4,0,0,40990,3,118,17,0,0,0,0,1
5,1,2,4,1,1,3,0,4,0,0,113590,2,0,0,0,0,1,0,0
5,1,2,5,1,1,3,0,4,0,1,55990,3,75,9,0,1,0,0,1
5,1,3,5,2,5,4,0,4,0,1,122990,2,4,2,0,1,1,0,0
6,1,3,4,2,1,2,2,4,2,2,159990,2,0,0,0,0,1,0,0
5,1,1,4,0,1,0,2,4,0,0,39999,2,8,1,0,0,1,0,0
6,0,8,5,1,1,3,0,4,0,0,47990,3,562,89,0,0,1,0,0
3,1,2,5,1,1,0,2,1,0,0,58090,2,0,0,0,0,1,0,0
2,1,3,4,2,1,4,0,4,0,0,62990,2,207,49,0,0,0,0,1
5,1,2,5,1,1,3,0,1,0,1,77990,3,17,2,0,1,1,0,0
4,1,2,2,1,1,2,0,4,0,1,136590,2,0,0,1,1,1,0,0
7,1,2,5,1,1,2,2,4,0,0,55490,2,8,3,0,0,1,0,0
5,0,9,5,0,1,3,0,4,2,0,73138,2,4,1,0,0,1,0,0
5,1,3,4,2,1,3,0,1,1,0,162399,2,0,0,0,0,1,0,0
1,1,2,5,2,1,3,0,4,0,1,65990,2,0,0,0,0,1,0,0
7,0,8,5,0,1,3,0,4,0,1,44990,3,313,39,0,0,1,0,0
1,0,9,5,0,1,3,0,1,2,0,72400,2,0,0,0,0,1,0,0
1,1,2,4,1,1,0,2,4,1,0,83990,2,0,0,0,0,1,0,0
1,1,2,5,1,5,3,0,1,0,1,72990,3,76,14,0,1,1,0,0
1,1,2,4,1,3,3,0,4,0,0,84990,2,0,0,0,0,1,0,0
3,1,1,4,0,1,2,0,4,0,1,39990,3,44,2,0,0,0,0,1
1,1,1,4,0,1,0,2,1,0,0,35590,2,12,1,0,0,0,0,1
1,1,2,5,1,1,3,0,4,3,1,88990,2,0,0,0,0,1,0,0
5,1,2,4,1,1,3,0,4,0,1,49990,2,0,0,0,0,0,0,1
3,0,7,5,1,1,0,2,4,0,1,35990,3,59,12,0,1,0,0,1
3,1,2,5,1,1,3,0,4,0,1,77990,3,31,5,1,1,1,0,0
7,1,2,4,1,4,0,1,0,0,0,94190,3,31,6,0,0,1,0,0
1,1,2,3,1,1,2,2,4,2,0,54490,3,343,47,0,0,0,1,0
6,1,2,4,1,4,0,1,0,2,0,109590,3,5,2,0,0,1,0,0
3,1,1,5,1,1,0,2,4,0,0,42190,2,250,21,0,0,0,0,1
2,1,2,2,1,1,3,0,4,0,0,44990,2,17,3,0,0,0,0,1
5,1,2,4,1,1,3,0,4,1,1,86999,3,3,0,1,1,1,0,0
1,1,3,5,2,1,3,0,4,2,0,94990,3,118,15,0,0,0,1,0
5,1,1,4,0,1,2,0,4,0,0,36490,2,0,0,0,0,0,0,1
4,1,2,4,1,1,0,2,1,0,1,48790,2,11,1,0,1,1,0,0
0,2,5,4,2,1,4,0,3,0,1,225990,3,42,8,0,0,1,0,0
2,1,2,2,1,1,3,0,4,0,0,73063,2,17,3,0,0,0,0,1
4,1,3,5,2,5,4,0,4,0,1,165000,2,0,0,1,0,1,0,0
6,0,9,5,0,1,3,0,4,0,0,64990,2,0,0,0,0,1,0,0
4,0,8,5,2,1,3,0,4,0,1,67500,3,196,19,0,1,0,0,1
3,1,2,5,1,1,3,0,4,0,1,74500,3,45,5,1,1,1,0,0
4,1,3,5,2,1,4,0,4,2,0,121990,2,0,0,0,0,1,0,0
1,1,1,4,0,1,2,0,4,0,1,35990,2,0,0,0,0,1,0,0
1,1,4,4,2,1,4,0,4,3,1,269990,3,8,1,1,0,1,0,0
5,1,9,5,0,1,3,0,1,2,2,81490,2,0,0,0,1,1,0,0
0,2,5,4,2,1,2,0,3,0,1,104990,3,45,4,0,0,1,0,0
1,1,2,5,2,1,3,0,4,3,1,82990,3,262,31,0,1,1,0,0
4,0,8,5,1,1,3,0,4,2,1,72990,3,16,4,0,1,1,0,0
4,0,8,5,2,1,3,0,4,1,1,63990,3,90,13,0,1,1,0,0
5,1,2,2,1,1,3,0,4,1,1,59999,3,22,3,0,1,1,0,0
3,1,2,4,2,1,3,0,4,2,1,79990,2,0,0,0,0,1,0,0
7,1,2,2,1,0,2,0,4,0,1,81998,3,14,3,1,1,0,0,1
1,0,10,5,0,1,4,0,4,0,1,104990,3,14,2,0,0,1,0,0
1,0,9,5,2,1,3,0,4,2,1,79990,2,0,0,0,0,1,0,0
1,1,1,5,1,1,3,0,4,0,1,42990,3,30,4,0,0,1,0,0
4,0,8,5,0,1,3,0,1,0,0,52380,2,0,0,0,0,1,0,0
3,1,1,5,0,1,2,2,4,0,1,43990,2,0,0,0,1,0,0,1
1,1,6,5,0,1,2,0,4,0,1,32990,3,7,1,0,1,0,0,1
7,0,7,5,0,1,3,0,4,0,0,34990,2,0,0,0,0,1,0,0
1,0,7,5,1,1,2,0,4,0,1,35990,3,2886,375,0,0,0,0,1
4,1,1,1,1,1,0,2,4,1,0,49279,3,38,3,0,0,1,0,0
5,1,1,4,0,1,2,0,4,0,3,39999,2,0,0,0,1,1,0,0
5,1,2,5,1,1,3,0,4,0,1,69990,3,10,2,0,1,0,0,1
5,1,1,4,1,1,0,2,4,0,1,35990,3,2124,233,0,1,0,0,1
3,1,1,4,0,1,2,0,4,0,1,39490,3,634,64,0,1,1,0,0
1,1,1,4,0,1,2,0,1,0,0,39990,2,0,0,0,0,1,0,0
7,1,2,5,1,1,3,0,4,0,1,55999,3,6,0,0,0,0,0,1
3,1,2,5,1,1,3,0,4,1,1,79990,3,5,0,1,1,1,0,0
5,1,2,4,1,5,3,0,4,1,1,70798,3,21,3,0,1,1,0,0
4,1,2,5,1,1,3,0,1,0,1,59999,3,4,1,0,1,0,0,1
4,1,1,5,1,1,0,2,4,0,1,43690,3,4999,490,0,1,0,0,1
3,1,1,5,1,1,2,0,4,0,1,48500,2,0,0,0,0,1,0,0
1,1,1,4,1,1,0,2,4,0,0,32990,1,12,0,0,0,1,0,0
3,1,1,5,1,1,0,2,1,0,0,41480,2,25,4,0,0,1,0,0
4,1,1,5,1,1,2,0,4,0,1,39990,3,273,30,0,1,0,0,1
1,1,2,4,1,1,0,2,4,0,1,46990,3,1444,179,0,0,0,0,1
5,1,0,5,0,5,0,1,4,0,0,25990,2,84,16,0,0,1,0,0
4,1,3,4,2,1,4,0,4,0,1,179990,3,13,5,1,0,1,0,0
1,1,3,5,2,5,4,0,4,1,1,104990,2,0,0,1,1,1,0,0
3,0,7,5,0,1,0,2,4,0,1,43990,2,0,0,0,0,1,0,0
1,1,1,4,0,1,0,2,4,0,1,35990,2,17,0,0,0,1,0,0
1,1,2,2,1,1,0,2,4,0,0,81990,2,0,0,0,0,0,0,1
4,1,2,5,1,1,3,0,4,0,1,61000,3,1124,100,0,1,0,0,1
1,1,1,5,1,1,0,2,4,0,1,38900,2,13,0,0,0,1,0,0
6,1,3,4,2,1,3,0,4,2,3,79990,3,484,56,0,0,1,0,0
1,1,0,5,0,1,0,1,1,0,0,21990,2,31,3,0,0,1,0,0
1,1,3,5,2,5,4,0,4,0,0,99990,2,0,0,0,0,0,0,1
6,1,2,4,1,4,0,1,0,2,0,86990,3,218,27,0,0,1,0,0
1,1,2,4,1,1,3,0,4,2,1,65990,3,3850,378,0,1,0,1,0
4,0,7,5,0,1,0,2,4,0,1,32917,3,353,58,0,0,1,0,0
5,1,1,4,0,1,2,0,1,0,0,41990,2,3,0,0,0,1,0,0
1,0,10,5,0,5,4,0,4,0,0,134990,2,0,0,1,0,1,0,0
4,0,9,5,0,1,3,0,4,0,1,68500,3,134,22,0,1,0,0,1
4,1,6,5,1,1,2,0,4,0,1,32990,3,77,9,0,1,0,0,1
4,1,1,5,0,1,0,2,4,0,1,41990,3,69,5,0,1,0,0,1
4,1,3,2,2,1,1,2,4,2,1,116941,2,0,0,0,0,1,0,0
6,1,2,4,1,1,3,0,4,2,3,59990,3,1597,228,0,0,1,0,0
5,1,2,5,2,1,3,0,4,0,1,62300,3,825,95,0,1,0,0,1
1,1,2,5,2,1,2,2,4,0,0,58990,3,6,1,0,0,0,0,1
1,1,2,5,1,1,3,0,4,0,0,57990,2,0,0,0,0,0,0,1
3,1,1,5,1,1,0,2,4,0,0,42490,3,276,40,0,0,0,0,1
2,1,2,1,1,1,3,0,4,0,0,65556,2,0,0,0,0,0,0,1
4,0,9,5,0,1,3,0,4,0,1,57999,3,44,5,0,1,0,0,1
1,1,2,5,2,1,2,2,4,0,1,64990,3,10,1,0,0,1,0,0
5,0,9,5,2,1,3,0,4,0,1,73400,2,0,0,0,0,1,0,0
7,1,2,2,1,1,0,2,4,1,1,72964,3,18,6,0,0,1,0,0
5,1,1,5,1,1,2,0,4,0,1,53990,3,299,41,1,1,1,0,0
5,1,4,4,2,1,4,0,1,4,0,265998,2,0,0,0,0,1,0,0
3,1,1,5,1,1,3,0,4,0,1,60790,3,10,1,1,0,1,0,0
5,1,2,4,1,1,3,0,4,0,1,55999,2,0,0,0,1,1,0,0
5,1,1,4,1,1,2,0,1,0,0,38970,2,0,0,0,0,1,0,0
1,1,2,5,1,1,2,2,4,0,1,49990,2,22,2,0,0,1,0,0
1,1,2,5,1,5,3,0,4,0,1,105990,3,59,11,1,0,1,0,0
5,1,2,0,1,0,0,2,4,0,0,52490,2,78,17,0,0,1,0,0
1,1,1,5,0,1,2,0,4,0,0,34429,3,37,6,0,0,0,0,1
1,0,8,5,1,1,2,2,1,0,1,54990,3,474,65,0,1,1,0,0
4,1,2,5,1,1,3,0,4,0,1,114999,2,0,0,1,1,0,0,1
1,1,2,5,1,5,3,0,4,0,1,114990,2,0,0,1,0,1,0,0
5,1,1,5,1,1,2,0,4,0,1,41990,3,1084,160,0,1,0,0,1
5,0,8,5,1,1,2,2,4,2,0,68500,3,271,24,0,0,1,0,0
4,0,9,5,0,1,3,0,4,2,1,90990,3,273,40,0,0,1,0,0
5,1,2,5,1,1,3,0,4,0,1,55990,2,0,0,0,0,0,0,1
6,1,3,5,2,5,3,0,4,0,1,89990,2,0,0,0,0,1,0,0
4,1,3,5,2,1,4,0,4,1,1,94990,2,0,0,0,1,1,0,0
5,1,2,4,1,1,3,0,1,1,3,58999,3,45,3,0,1,1,0,0
3,1,2,5,1,1,3,0,4,0,0,59990,2,31,7,0,0,0,0,1
4,1,0,5,1,1,2,0,4,0,0,32490,3,58,6,0,0,0,0,1
0,2,5,4,1,1,2,0,3,0,1,85990,3,6725,629,0,0,1,0,0
1,1,3,2,1,3,3,0,4,0,1,81990,3,40,4,0,0,0,0,1
1,1,1,5,1,1,2,0,4,0,0,48990,2,0,0,0,0,1,0,0
5,1,1,4,0,1,2,0,4,0,1,40200,2,48,1,0,1,1,0,0
5,0,9,5,0,1,4,0,4,3,1,130990,2,0,0,0,1,1,0,0
1,1,2,4,1,3,3,0,4,0,1,79990,3,11,3,0,1,1,0,0
1,1,3,4,2,1,4,0,4,4,0,234990,2,0,0,0,0,1,0,0
1,0,9,5,0,1,4,0,4,0,1,99990,2,0,0,0,0,1,0,0
3,1,1,5,0,1,2,2,4,0,1,43590,2,0,0,0,1,0,0,1
7,1,2,2,1,1,0,2,4,0,1,61597,2,0,0,0,0,0,0,1
5,1,3,4,2,3,3,0,4,0,0,211753,2,0,0,0,0,0,0,1
5,1,2,5,2,1,3,0,4,0,0,61990,3,56,7,0,0,0,0,1
1,1,3,5,2,1,4,0,4,2,0,98990,3,445,56,0,0,0,1,0
2,1,3,2,1,1,2,0,4,0,0,73990,2,0,0,0,0,0,0,1
5,1,2,5,1,1,3,0,4,0,3,62998,3,739,71,0,1,1,0,0
3,1,2,5,1,1,3,0,4,0,0,72900,2,24,4,0,0,0,0,1
1,1,2,5,2,1,2,2,4,0,1,64990,3,328,51,0,1,1,0,0
5,0,9,5,0,1,3,0,4,0,1,63990,3,105,10,0,1,1,0,0
7,1,1,5,1,1,2,2,4,0,0,40990,3,38,2,0,0,1,0,0
1,0,9,5,0,5,4,0,4,2,1,99990,3,77,15,1,0,1,0,0
1,1,2,5,1,5,3,0,4,0,1,99990,2,0,0,1,0,1,0,0
1,1,0,5,0,4,0,1,1,0,0,21490,2,818,113,0,0,1,0,0
3,1,2,5,1,1,3,0,4,1,1,64190,2,0,0,0,1,1,0,0
6,1,3,3,1,1,3,0,4,2,3,66990,3,1639,230,0,0,1,0,0
4,0,8,5,0,1,0,2,4,2,1,59990,3,1480,151,0,0,0,1,0
1,1,1,5,0,1,2,0,1,0,0,48490,2,0,0,0,0,1,0,0
1,1,3,4,2,1,3,0,4,0,1,57990,3,76,9,0,0,1,0,0
5,0,8,5,0,1,3,0,4,2,0,76498,2,0,0,0,0,1,0,0
1,1,1,5,1,1,3,0,4,0,1,44990,3,2058,305,0,1,1,0,0
4,1,1,5,0,1,3,0,4,0,1,45490,3,523,66,0,1,0,0,1
6,1,2,5,1,1,3,0,4,2,0,74990,2,0,0,0,0,1,0,0
1,1,1,5,1,1,3,0,4,0,1,48990,3,174,30,0,0,1,0,0
5,1,2,2,1,1,0,2,4,2,1,56990,3,21,5,0,0,1,0,0
1,1,1,4,0,1,3,0,4,0,1,35990,3,130,12,0,0,1,0,0
1,1,2,4,1,1,2,2,4,2,0,55990,3,23,0,0,0,0,1,0
1,0,9,5,0,1,3,0,4,0,1,63990,3,77,7,0,0,1,0,0
5,0,9,5,0,1,3,0,4,0,2,78988,2,0,0,1,1,1,0,0
4,1,3,5,2,1,4,0,4,2,0,116990,2,0,0,0,0,1,0,0
5,1,3,2,2,1,3,0,4,0,1,86000,2,0,0,0,1,0,0,1
4,1,3,5,2,5,4,0,4,0,1,128500,2,3,1,1,1,1,0,0
7,0,8,4,0,1,0,1,1,2,0,72990,3,425,67,0,0,1,0,0
7,1,2,5,1,1,3,0,4,0,0,109999,2,0,0,1,0,0,0,1
5,1,1,4,0,1,2,0,4,0,3,38940,3,758,64,0,0,1,0,0
1,1,1,5,1,1,2,0,4,0,0,36990,3,20,1,0,0,0,0,1
1,1,0,5,0,4,0,1,1,0,0,23990,3,974,170,0,0,1,0,0
3,0,8,5,0,1,3,0,4,0,1,75500,2,0,0,1,1,1,0,0
4,1,3,5,2,1,3,0,4,2,1,93190,4,4,0,0,1,1,0,0
3,1,6,5,0,1,2,0,4,0,1,36000,3,102,16,0,0,0,0,1
7,1,2,2,1,1,0,2,4,1,1,61990,3,73,21,0,0,0,0,1
3,1,1,5,0,1,2,2,4,0,1,43590,2,0,0,0,1,0,0,1
6,1,3,5,2,1,4,0,4,2,3,154990,3,3,2,1,0,1,0,0
4,0,8,5,1,1,3,0,4,2,1,58990,3,1049,134,0,0,1,0,0
3,1,1,5,1,1,2,2,4,0,1,48990,3,724,92,0,0,0,0,1
5,1,3,4,2,5,4,0,4,0,0,119990,1,2,1,0,0,0,0,1
4,0,8,5,1,1,3,0,4,2,1,59990,3,1978,188,0,0,1,0,0
7,1,2,5,1,5,3,0,4,0,1,60990,3,17,1,0,1,0,0,1
6,1,3,5,2,1,3,0,4,1,0,76990,2,0,0,0,0,1,0,0
1,1,3,4,1,1,3,0,4,2,0,61990,3,11,2,0,0,0,1,0
4,1,1,5,1,1,2,0,4,0,1,56490,2,0,0,1,0,1,0,0
1,1,2,4,1,1,3,0,1,1,0,69990,2,0,0,0,0,1,0,0
4,0,8,5,1,1,3,0,4,0,1,48990,3,45,5,0,1,0,0,1
4,1,2,5,2,1,3,0,4,0,1,66999,3,17,1,0,1,0,0,1
0,2,5,4,1,1,4,0,3,0,1,149990,3,640,70,0,0,1,0,0
1,1,3,4,2,3,4,0,4,0,0,167990,2,0,0,0,0,1,0,0
5,1,2,5,1,1,3,0,4,1,0,89998,2,0,0,0,0,1,0,0
4,0,8,5,1,1,3,0,4,2,1,64990,2,8,1,0,1,0,1,0
2,1,3,2,1,1,2,0,4,0,0,73990,2,0,0,0,0,0,0,1
6,1,2,4,1,4,0,1,0,4,0,207290,2,0,0,0,0,1,0,0
3,1,2,4,1,1,3,0,4,2,1,76300,3,6,0,0,0,1,0,0
5,1,2,3,1,1,3,0,4,2,0,59990,2,9,1,0,0,1,0,0
4,1,3,5,2,1,3,0,4,0,1,104000,2,0,0,1,1,1,0,0
7,0,8,4,0,1,0,1,1,2,0,59990,3,1946,240,0,0,1,0,0
3,1,2,5,2,1,3,0,4,0,0,70090,3,5,1,0,0,0,0,1
4,1,1,1,0,1,0,2,4,0,0,32955,3,311,27,0,0,1,0,0
5,1,2,5,1,1,3,0,4,0,1,52990,2,0,0,0,0,0,0,1
5,0,9,5,0,1,3,0,4,0,1,60990,3,530,69,0,1,1,0,0
4,0,8,5,0,1,3,0,4,0,1,53490,3,826,118,0,1,0,0,1
4,0,10,5,0,1,4,0,4,4,1,141990,2,0,0,0,1,1,0,0
1,0,8,5,1,1,3,0,4,0,1,58990,3,324,34,0,0,1,0,0
5,1,2,5,1,1,3,0,4,0,1,67990,3,9,0,0,1,0,0,1
4,0,8,5,1,1,3,0,4,0,1,57999,3,86,15,0,1,0,0,1
4,1,2,4,1,4,0,1,0,2,0,102551,2,0,0,0,0,1,0,0
3,1,2,5,1,1,3,0,4,0,0,71890,3,3,0,1,0,1,0,0
1,1,1,5,1,1,3,0,4,0,1,42990,3,40,7,0,0,1,0,0
1,0,10,5,2,1,4,0,4,2,0,114990,3,28,4,0,0,1,0,0
1,1,3,4,2,3,4,0,4,1,1,124990,3,17,1,0,1,1,0,0
1,1,3,2,2,0,3,0,4,0,1,99990,3,30,7,0,0,0,0,1
4,1,2,5,1,1,3,0,4,0,1,72500,3,40,3,0,1,0,0,1
3,1,1,4,0,1,2,2,4,0,1,44290,2,0,0,0,1,0,0,1
6,0,8,5,0,1,2,0,4,0,1,49990,2,0,0,0,0,1,0,0
1,1,2,4,1,1,4,0,4,2,0,82990,3,844,118,0,0,1,0,0
1,1,0,5,0,4,0,1,1,0,0,24990,3,502,93,0,0,1,0,0
4,1,1,5,0,1,2,0,4,0,1,44376,3,1090,96,0,1,0,0,1
1,0,10,5,0,1,4,0,4,2,1,162990,2,0,0,0,0,1,0,0
4,1,3,4,2,1,3,0,4,0,1,162990,2,3,1,1,0,1,0,0
6,1,2,4,1,1,3,0,4,0,0,56541,3,677,87,0,0,1,0,0
1,1,1,5,0,1,2,0,1,0,0,41990,2,0,0,0,0,1,0,0
4,1,3,5,2,1,3,0,1,0,0,119599,2,0,0,0,0,1,0,0
1,1,0,5,0,4,0,1,4,0,0,18990,2,197,25,0,0,1,0,0
5,1,2,4,1,1,3,0,4,2,1,66490,3,282,36,0,1,1,0,0
3,1,3,4,2,1,3,0,4,0,1,109190,2,0,0,1,1,1,0,0
3,1,2,5,1,1,3,0,4,0,0,71990,3,7,1,1,0,1,0,0
4,1,1,5,1,1,3,0,4,0,1,42990,3,681,59,0,1,0,0,1
1,0,9,5,0,1,4,0,4,0,1,76990,2,0,0,0,1,1,0,0
1,1,1,5,0,1,3,0,4,0,1,51649,2,0,0,0,1,1,0,0
1,1,1,4,0,1,3,0,4,0,1,40990,3,4008,519,0,0,1,0,0
5,0,8,5,1,1,3,0,4,2,0,59490,3,92,10,0,0,0,1,0
5,1,2,5,1,1,3,0,4,0,2,68990,3,44,8,1,1,1,0,0
5,1,2,5,2,1,3,0,4,0,0,64990,2,0,0,0,0,0,0,1
1,1,1,4,0,1,0,2,4,0,0,34649,1,3,0,0,0,1,0,0
1,0,10,5,0,1,4,0,4,0,1,130500,2,0,0,0,0,1,0,0
6,1,3,5,2,1,4,0,4,4,3,129990,3,14,3,0,0,1,0,0
1,0,8,5,0,1,3,0,4,0,1,80990,2,0,0,0,0,1,0,0
2,1,3,2,1,1,2,0,4,0,0,73990,2,0,0,0,0,0,0,1
1,1,2,5,2,1,3,0,4,0,0,59990,2,3,0,0,0,0,0,1
3,0,7,5,1,1,2,0,4,0,1,39990,3,7,0,0,0,0,0,1
4,1,1,5,0,1,3,0,4,0,1,69267,2,0,0,1,1,1,0,0
1,1,2,5,1,1,3,0,4,2,0,71990,3,91,17,0,0,0,1,0
1,1,3,5,2,1,2,2,1,0,0,82500,2,0,0,0,0,0,0,1
6,1,2,4,1,4,0,1,0,3,0,291190,3,7,3,0,0,1,0,0
7,1,2,5,1,1,2,2,4,0,1,56990,3,27,2,0,0,0,0,1
1,1,2,5,2,1,3,0,4,0,1,58990,2,0,0,1,1,1,0,0
5,1,2,5,1,1,3,0,4,0,1,64990,3,125,11,0,1,1,0,0
3,0,7,5,1,1,0,2,4,0,0,39990,2,18,4,0,0,0,0,1
4,1,1,5,0,1,0,2,4,0,1,39990,2,324,45,0,1,0,0,1
7,0,8,5,0,1,3,0,4,0,1,49990,3,47,6,0,0,1,0,0
1,1,3,5,2,5,3,0,4,0,0,109990,2,0,0,1,0,0,0,1
1,0,9,5,0,2,3,0,4,2,0,106990,2,0,0,0,0,1,0,0
1,0,9,5,0,1,3,0,1,2,0,79990,2,0,0,0,0,1,0,0
4,1,2,5,1,5,3,0,4,0,1,129999,2,0,0,1,0,1,0,0
3,1,2,5,2,1,3,0,4,0,1,89390,2,0,0,1,1,1,0,0
7,1,3,4,2,1,2,2,4,3,1,119990,3,2038,313,0,0,1,0,0
3,1,2,5,1,5,3,0,4,0,1,114990,2,0,0,0,1,0,0,1
0,1,2,2,1,0,3,0,3,0,1,172090,3,108,13,0,0,1,0,0
5,1,2,4,1,1,2,2,4,2,0,74590,3,898,128,0,0,0,1,0
5,1,1,4,1,1,2,0,4,0,3,39999,4,4,0,0,1,1,0,0
1,1,2,5,1,5,3,0,4,0,0,84990,2,0,0,0,0,0,0,1
3,1,2,5,1,1,3,0,4,1,0,71290,2,0,0,0,0,1,0,0
4,1,3,4,2,1,4,0,4,3,1,144690,3,17,4,0,1,1,0,0
1,1,2,4,1,1,3,0,4,2,1,63990,2,0,0,0,0,0,1,0
5,1,0,5,0,4,0,1,1,0,0,24990,1,70,16,0,0,1,0,0
5,0,8,4,1,1,3,0,2,0,0,57490,3,18,4,0,0,0,0,1
1,0,8,5,2,1,3,0,4,0,0,56990,3,4,1,0,0,1,0,0
1,1,1,5,1,1,3,0,4,0,1,42990,3,74,11,0,0,1,0,0
3,1,1,5,0,1,2,0,4,0,0,44427,2,0,0,0,0,0,0,1
1,0,10,5,0,1,4,0,4,2,0,116990,2,0,0,0,0,1,0,0
5,1,3,5,2,1,3,0,1,0,0,110999,2,0,0,0,0,1,0,0
4,1,1,5,1,1,3,0,4,0,1,54990,3,35,3,0,1,1,0,0
1,0,10,5,2,1,4,0,4,3,1,129990,3,204,35,0,1,1,0,0
1,0,8,5,0,1,2,2,4,0,1,75100,2,0,0,0,1,0,0,1
1,1,3,4,2,5,0,1,0,3,0,146490,2,2,1,0,0,1,0,0
3,1,2,5,1,1,2,2,4,1,0,66490,2,6,1,0,0,1,0,0
3,1,1,4,0,1,2,2,4,0,1,44690,3,9,0,0,0,1,0,0
3,1,2,5,1,1,3,0,4,1,1,66490,3,199,17,0,1,0,0,1
1,1,2,5,1,1,2,2,1,0,1,50990,3,1188,127,0,1,1,0,0
5,1,3,5,2,1,3,0,4,2,1,99990,3,11,3,0,1,1,0,0
7,0,9,5,2,1,2,2,4,3,1,89990,3,272,36,0,0,1,0,0
4,1,1,4,0,1,0,2,4,0,1,36490,2,1146,175,0,1,0,0,1
4,1,1,5,0,1,3,0,4,0,1,48900,3,1278,135,0,1,0,0,1
3,0,7,5,1,1,3,0,4,0,0,42090,2,3,0,0,0,0,0,1
4,0,8,5,0,1,3,0,4,0,1,52500,3,741,67,0,1,0,0,1
3,1,1,5,0,1,2,2,4,0,1,48999,2,0,0,0,0,1,0,0
5,0,7,5,0,1,0,2,4,0,0,34990,2,38,6,0,0,1,0,0
3,1,1,5,1,1,2,0,4,0,0,41990,3,216,21,0,0,0,0,1
2,1,3,2,1,1,2,0,4,0,0,73990,2,0,0,0,0,0,0,1
1,0,10,5,0,1,4,0,4,3,0,141990,3,61,13,0,0,1,0,0
7,0,8,5,1,1,3,0,4,0,1,43990,2,0,0,0,0,1,0,0
6,1,2,4,1,1,3,0,4,0,1,54990,3,714,147,0,0,1,0,0
5,1,2,4,1,1,3,0,4,2,0,69899,3,474,37,0,0,0,1,0
7,0,9,5,0,1,3,0,4,0,1,59990,2,0,0,0,0,0,0,1
3,1,1,4,0,1,0,2,1,0,0,40890,3,527,46,0,0,1,0,0
6,1,2,2,1,2,3,0,1,3,0,149990,3,10,3,0,0,1,0,0
3,1,1,4,0,1,0,2,4,0,1,39990,2,15,1,0,0,0,0,1
2,1,2,2,1,1,3,0,4,0,0,73063,2,17,3,0,0,0,0,1
1,1,2,5,2,1,3,0,4,0,1,59990,2,0,0,0,0,1,0,0
1,1,2,4,1,1,3,0,4,2,1,64990,3,4,0,0,0,0,1,0
5,1,0,5,0,1,2,0,4,0,0,31799,2,0,0,0,0,0,0,1
3,1,1,5,1,1,2,2,4,0,0,45490,3,207,16,0,0,1,0,0
5,0,8,5,1,1,3,0,4,0,1,48990,3,219,27,0,0,0,0,1
6,1,2,4,1,1,3,0,4,0,1,56490,3,814,112,0,0,1,0,0
3,1,2,5,1,1,3,0,4,1,1,79590,2,0,0,1,0,1,0,0
5,0,9,5,0,1,3,0,4,2,1,106990,2,0,0,0,0,1,0,0
2,1,0,5,0,1,0,1,4,0,0,17490,2,1120,196,0,0,1,0,0
0,1,2,4,2,5,4,0,3,0,1,179990,3,31,3,0,0,1,0,0
0,1,2,4,2,5,4,0,3,0,1,179990,3,91,5,0,0,1,0,0
1,1,2,5,1,1,3,0,4,0,1,53400,3,46,6,0,1,1,0,0
3,1,2,4,1,1,3,0,4,2,1,79990,2,0,0,0,0,1,0,0
5,1,1,4,1,1,2,0,1,0,3,37990,3,2080,235,0,1,0,0,1
1,1,6,5,0,1,1,0,1,0,0,58100,2,0,0,1,0,1,0,0
1,1,1,4,0,1,0,2,4,0,0,33990,2,31,6,0,0,0,0,1
5,1,1,5,1,1,2,0,4,0,1,39990,3,543,65,0,0,0,0,1
3,1,1,5,0,1,2,2,4,0,1,42990,3,62,7,0,1,0,0,1
3,1,2,5,2,1,3,0,4,0,0,67990,3,93,9,0,0,0,0,1
3,1,2,5,1,1,3,0,4,1,1,65990,3,10,0,0,0,1,0,0
4,0,8,5,1,1,3,0,1,0,0,48990,3,17,1,0,0,1,0,0
7,1,2,5,1,1,0,2,4,0,0,49990,2,0,0,0,0,1,0,0
1,0,9,5,0,2,4,0,1,2,1,114990,2,0,0,0,0,1,0,0
3,1,2,5,2,1,3,0,4,1,1,89702,2,0,0,0,1,1,0,0
1,1,2,5,1,1,2,2,4,0,1,68900,4,6,1,0,1,1,0,0
3,0,8,5,1,1,2,0,4,0,1,41990,3,939,107,0,1,1,0,0
4,1,1,4,0,1,0,2,4,0,1,40750,3,1096,116,0,1,0,0,1
3,1,1,4,0,1,3,0,4,0,0,41790,2,0,0,0,0,1,0,0
3,1,2,5,1,1,2,2,4,1,1,62490,2,157,20,0,0,1,0,0
7,1,3,5,2,1,3,2,1,3,1,119990,3,342,54,0,0,1,0,0
3,1,2,5,1,1,3,0,4,0,1,70799,3,98,6,1,1,1,0,0
1,1,2,4,1,1,0,2,4,0,0,61249,2,0,0,0,0,1,0,0
4,1,2,5,1,1,3,0,4,0,0,57990,3,1541,123,0,0,0,0,1
5,1,1,5,1,1,3,0,4,0,3,42990,3,984,99,0,1,0,0,1
3,1,3,5,2,5,3,0,4,0,1,135300,4,5,2,0,1,0,0,1
3,1,1,5,1,1,2,2,4,0,0,44490,3,844,103,0,0,1,0,0
1,1,2,5,1,4,3,0,4,0,0,84990,2,0,0,0,0,0,0,1
4,1,3,5,2,1,3,0,4,0,1,102990,3,11,2,1,1,1,0,0
4,1,1,5,0,1,2,0,4,0,1,44900,3,1029,107,0,1,0,0,1
1,0,9,5,2,5,4,0,4,0,0,112990,2,0,0,1,0,1,0,0
5,1,2,5,1,1,3,0,4,0,3,51990,3,85,4,0,1,0,0,1
4,0,8,5,0,1,3,0,4,0,1,84208,2,0,0,0,1,1,0,0
3,1,2,5,1,1,3,0,4,0,1,61290,2,4,1,0,0,0,0,1
5,1,0,5,0,1,2,0,4,0,0,31999,3,286,19,0,0,0,0,1
5,1,1,5,0,1,3,0,4,0,1,57999,2,10,2,1,1,1,0,0
4,1,2,5,1,5,3,0,4,0,0,111999,2,0,0,1,0,1,0,0
5,1,2,5,1,1,3,0,4,0,1,53990,3,61,2,0,1,0,0,1
4,1,3,5,2,5,4,0,4,0,1,149999,2,0,0,1,0,1,0,0
3,1,2,5,1,1,2,2,4,0,1,61990,2,0,0,0,1,0,0,1
0,2,5,4,2,1,3,0,3,0,1,184990,3,42,8,0,0,1,0,0
3,1,2,4,1,1,2,2,4,2,0,77900,3,179,34,0,0,1,0,0
1,0,9,5,2,5,4,0,4,0,1,84970,2,2,1,0,1,0,0,1
4,1,0,5,0,1,0,1,4,0,0,26470,2,232,23,0,0,1,0,0
4,1,1,4,0,1,3,0,1,0,0,38799,3,30,1,0,0,1,0,0
3,1,3,5,2,1,3,0,4,2,1,99990,2,0,0,0,0,1,0,0
5,0,8,5,0,5,4,0,4,0,2,81978,2,0,0,1,1,0,0,1
5,1,3,4,2,1,3,0,4,0,2,174527,2,0,0,0,0,0,0,1
5,1,1,4,1,1,3,0,4,0,1,38990,2,13,1,0,0,0,0,1
1,1,1,4,0,1,2,2,4,0,0,40990,2,0,0,0,0,1,0,0
6,1,2,5,1,1,3,0,4,2,3,74990,2,0,0,0,0,1,0,0
4,0,9,5,2,1,3,0,4,2,1,84990,1,4,2,0,1,0,1,0
6,1,2,4,1,4,0,1,0,3,0,109990,3,78,16,0,0,1,0,0
0,2,5,4,1,1,2,0,3,0,1,85990,3,6725,629,0,0,1,0,0
7,1,3,4,2,1,5,0,4,4,1,159990,2,4,0,0,0,1,0,0
3,0,8,5,1,1,2,0,4,0,1,41990,3,649,84,0,1,1,0,0
5,1,3,4,2,1,3,0,4,0,0,162299,2,0,0,0,0,0,0,1
1,0,10,5,0,1,4,0,4,0,1,129990,2,0,0,0,0,1,0,0
1,1,1,5,1,1,2,0,4,0,1,45990,3,816,147,0,0,1,0,0
1,0,9,5,0,1,4,0,4,0,1,111000,2,0,0,0,0,1,0,0
3,1,1,5,1,1,0,2,4,0,1,37990,2,265,46,0,1,0,0,1
0,2,5,4,2,1,4,0,3,0,1,243990,3,42,8,0,0,1,0,0
3,1,1,4,1,1,2,2,4,0,1,41490,4,7,5,0,1,0,0,1
4,1,2,5,1,1,2,0,4,0,1,65390,2,0,0,0,0,1,0,0
6,1,3,5,2,1,3,0,4,2,3,94990,2,0,0,0,0,1,0,0
3,1,1,5,1,1,2,0,4,0,1,49990,3,24,5,1,0,1,0,0
1,0,10,5,2,1,4,0,1,0,1,154990,3,194,42,0,0,1,0,0
6,1,3,5,2,1,3,0,4,0,0,64990,3,33,5,0,0,1,0,0
1,1,3,4,2,3,5,0,4,0,0,233990,2,0,0,0,0,1,0,0
2,1,3,2,1,1,2,0,4,0,0,73990,2,0,0,0,0,0,0,1
1,1,2,5,1,1,3,0,1,3,1,84990,4,5,0,0,0,1,0,0
6,1,4,5,2,1,4,0,4,3,0,192990,2,0,0,0,0,1,0,0
5,1,2,5,1,1,3,0,4,0,1,65990,3,17,4,0,1,1,0,0
1,1,1,5,0,1,2,0,1,0,1,35990,3,1479,181,0,1,1,0,0
7,0,8,5,0,1,3,0,4,0,1,75999,2,0,0,0,0,0,0,1
4,1,2,2,1,1,0,2,4,0,1,46790,3,3062,325,0,0,1,0,0
3,1,2,5,1,1,3,0,4,1,1,82990,3,21,2,1,1,1,0,0
1,1,2,4,1,1,3,0,4,0,1,47990,3,35,2,0,0,1,0,0
1,1,1,5,1,1,2,0,4,0,1,45990,3,816,147,0,0,1,0,0
4,0,9,5,2,1,2,2,4,2,1,75990,3,1084,123,0,1,0,1,0
3,1,2,5,1,1,3,0,4,1,1,70980,3,138,23,0,1,1,0,0
3,1,2,5,1,1,2,2,4,1,0,67490,2,41,5,0,0,1,0,0
7,0,9,5,2,1,2,2,4,2,0,81990,3,141,24,0,0,1,0,0
1,0,10,5,0,5,4,0,4,2,1,234990,2,0,0,1,1,1,0,0
4,0,7,5,1,1,2,0,4,0,1,37990,3,2214,241,0,0,0,0,1
5,1,0,5,0,4,0,1,1,0,0,16990,2,414,54,0,0,1,0,0
3,0,9,5,2,1,3,0,4,2,1,93990,2,0,0,0,0,1,0,0
6,0,8,5,0,1,3,0,4,0,0,54990,3,1410,203,0,0,1,0,0
5,1,3,5,2,1,3,0,1,0,0,88488,2,0,0,1,0,1,0,0
1,0,10,5,2,1,4,0,4,3,1,135990,2,0,0,0,0,1,0,0
7,0,9,5,0,1,4,0,4,2,1,99990,2,0,0,0,0,1,0,0
5,0,9,5,0,1,3,2,1,0,0,80490,2,0,0,0,0,1,0,0
3,1,1,5,1,1,0,2,1,0,0,42900,2,0,0,0,0,1,0,0
7,1,4,5,2,1,4,0,4,3,1,139990,2,0,0,0,0,1,0,0
3,1,1,4,0,1,0,2,4,0,1,43400,3,231,26,0,1,1,0,0
1,1,3,4,2,1,2,2,4,2,0,66990,3,25,4,0,0,0,1,0
7,1,4,5,3,1,4,0,4,4,1,169990,2,0,0,0,0,1,0,0
7,1,6,5,0,1,2,0,4,0,1,30990,3,465,89,0,0,1,0,0
3,1,1,4,1,1,3,0,4,0,1,45490,3,43,4,0,0,0,0,1
7,1,2,5,1,1,3,0,4,0,1,52990,3,155,20,0,0,0,0,1
3,0,8,5,1,1,2,0,4,0,1,44490,3,8,2,0,1,0,0,1
5,1,1,5,1,1,3,0,4,0,1,54990,3,245,34,1,0,0,0,1
6,1,2,4,1,1,0,2,4,2,3,52990,3,1114,137,0,0,1,0,0
7,1,2,2,1,1,0,2,4,1,1,59999,3,118,28,0,1,1,0,0
1,1,1,4,0,1,3,0,4,0,1,40990,3,4008,519,0,0,1,0,0
5,1,1,5,0,1,2,0,4,0,1,38990,3,106,13,0,1,0,0,1
1,1,1,4,0,1,0,2,1,0,0,33990,2,43,7,0,0,0,0,1
5,1,2,5,1,1,3,0,1,1,1,84086,2,8,3,0,1,1,0,0
1,0,9,5,1,5,4,0,4,2,0,72990,3,198,24,0,0,1,0,0
7,1,2,1,1,0,2,0,4,0,1,86867,3,39,3,0,1,0,0,1
3,0,8,5,1,1,3,0,4,0,1,49990,3,47,7,0,1,0,0,1
1,1,6,5,0,1,0,2,4,0,1,25990,2,2736,350,0,0,1,0,0
5,1,2,4,0,1,0,2,1,0,0,49999,2,0,0,0,0,1,0,0
4,0,8,5,1,1,3,0,4,2,1,57990,3,4740,532,0,0,1,0,0
3,1,1,5,1,1,2,0,4,0,1,41990,2,10,5,0,1,0,0,1
1,1,2,5,1,1,2,2,4,1,1,60190,3,33,4,0,1,1,0,0
1,1,2,3,1,1,3,0,4,2,1,54990,3,1681,227,0,1,0,1,0
6,1,2,5,1,1,3,0,4,0,1,55490,3,138,16,0,0,1,0,0
0,2,5,4,3,1,4,0,3,0,1,309990,4,3,1,0,0,1,0,0
5,1,3,5,2,4,4,0,4,0,1,85990,2,7,2,0,1,1,0,0
1,1,4,5,2,1,6,0,1,3,1,441990,4,1,1,0,0,1,0,0
0,2,5,4,1,1,2,0,3,0,1,112990,3,640,70,0,0,1,0,0
4,1,2,5,1,1,3,0,4,0,1,63990,3,17,1,0,1,0,0,1
3,1,2,4,1,5,3,0,4,0,1,111890,2,0,0,0,1,0,0,1
5,1,2,4,1,1,3,1,4,0,2,155411,2,0,0,1,0,0,0,1
1,1,1,4,0,1,0,2,4,0,1,38990,3,1850,216,0,1,0,0,1
4,0,7,5,1,1,0,2,4,0,1,39490,3,7291,895,0,1,0,0,1
1,0,8,5,1,1,2,2,4,0,1,54990,3,18,3,0,0,1,0,0
5,1,3,5,2,1,4,0,4,3,0,151098,3,7,0,0,0,1,0,0
5,1,3,4,1,1,3,0,4,2,1,68990,3,44,2,0,1,0,1,0
4,1,1,5,0,1,0,2,4,0,1,39790,2,40,3,0,0,0,0,1
3,1,1,5,0,1,0,2,1,0,0,43970,2,16,0,0,0,1,0,0
0,2,5,4,2,1,2,0,3,0,1,132990,3,640,70,0,0,1,0,0
3,0,9,5,0,1,3,0,4,3,0,89990,3,191,27,0,0,1,0,0
0,2,5,4,1,1,3,0,3,0,1,104990,3,6725,629,0,0,1,0,0
4,1,2,5,1,1,3,0,1,2,0,82000,2,0,0,0,0,1,0,0
3,1,2,5,1,1,2,2,4,0,1,58990,3,8,1,0,1,0,0,1
7,1,2,2,1,1,3,0,4,2,1,99500,2,0,0,0,0,1,0,0
3,1,1,5,0,1,2,2,4,0,1,39990,2,170,11,0,1,0,0,1
4,1,1,5,0,1,3,0,1,0,1,50990,2,0,0,0,0,0,0,1
5,0,8,5,1,1,2,2,4,0,1,63990,3,861,116,0,1,0,1,0
5,1,1,4,0,1,0,2,4,0,1,36990,2,103,10,0,0,0,0,1
1,0,9,5,0,2,4,0,4,2,0,112990,2,0,0,0,0,1,0,0
7,1,2,5,1,4,0,1,1,0,1,119990,3,1,1,0,0,1,0,0
5,1,2,5,2,1,3,0,4,0,1,64990,3,46,4,0,1,1,0,0
3,1,2,5,1,1,3,0,4,0,1,55490,3,337,27,0,1,0,0,1
4,1,2,5,2,1,3,0,4,2,1,100990,2,0,0,0,1,1,0,0
1,1,1,4,0,1,3,0,4,0,1,41490,3,4008,519,0,0,1,0,0
3,1,1,4,0,1,2,2,4,0,1,41390,3,56,7,0,1,0,0,1
4,1,2,4,1,4,0,1,0,0,0,55990,3,818,109,0,0,0,0,1
4,1,2,1,0,1,0,2,4,0,1,44599,3,122,12,0,0,1,0,0
1,1,2,5,2,1,3,0,4,0,1,59990,3,11,2,0,0,1,0,0
5,1,2,4,1,1,3,1,4,0,2,125394,2,0,0,1,0,0,0,1
5,0,9,5,2,1,3,0,4,2,1,99990,3,26,1,0,1,1,0,0
4,1,1,5,1,1,3,0,4,0,1,55490,3,143,15,1,1,1,0,0
1,1,2,4,1,1,3,0,4,2,0,75990,3,1365,137,0,0,1,0,0
4,0,7,5,0,1,3,0,4,0,1,44490,3,267,42,0,1,0,0,1
3,0,7,5,0,1,0,2,4,0,1,39990,3,409,39,0,1,1,0,0
1,0,9,5,0,1,3,0,4,0,1,92990,3,25,4,0,0,1,0,0
1,1,2,4,1,1,3,0,4,2,1,57990,3,3712,412,0,0,0,1,0
1,0,9,5,0,1,3,0,4,0,1,56990,2,0,0,0,1,1,0,0
1,1,6,5,1,5,2,0,4,0,1,62990,2,0,0,1,0,1,0,0
5,0,9,5,0,1,3,0,4,2,1,84988,2,0,0,0,1,1,0,0
4,0,8,5,2,1,3,0,4,0,1,98020,2,0,0,1,1,1,0,0
1,1,6,5,0,1,0,2,4,0,1,25990,2,4741,658,0,0,1,0,0
1,1,2,4,1,3,3,0,4,0,0,132790,2,0,0,0,0,1,0,0
1,0,10,5,2,1,4,0,4,4,1,199990,3,9,2,0,1,1,0,0
3,1,3,2,2,0,3,0,4,0,1,121890,0,3,0,0,1,0,0,1
3,1,2,5,2,1,3,0,4,1,1,69490,2,0,0,0,1,1,0,0
6,0,8,5,1,1,3,0,4,2,0,64990,3,469,80,0,0,1,0,0
7,1,2,4,1,1,0,2,4,1,1,56491,2,30,6,0,0,1,0,0
6,1,3,4,1,1,3,0,4,0,0,57990,3,15,0,0,0,0,0,1
1,1,1,5,1,1,3,0,4,0,1,44990,2,0,0,0,1,0,0,1
6,1,2,5,2,1,3,0,4,2,3,76990,3,75,17,0,0,1,0,0
1,0,8,5,0,1,3,0,4,0,1,49990,3,14,2,0,1,0,0,1
0,2,5,4,1,1,3,0,3,0,1,125990,3,399,45,0,0,1,0,0
3,1,2,4,1,1,3,0,4,1,1,82990,2,15,3,0,1,1,0,0
1,1,2,5,2,1,3,0,4,3,1,89990,3,124,17,0,1,0,1,0
3,0,7,5,0,1,3,0,4,0,0,40590,2,0,0,0,0,0,0,1
5,1,2,5,1,1,3,0,1,1,1,70990,3,11,3,0,1,1,0,0
1,1,2,5,1,1,4,0,4,2,1,87990,2,0,0,0,0,1,0,0
4,0,8,5,0,1,2,2,4,0,1,52990,3,698,74,0,0,0,0,1
3,1,2,5,1,1,3,0,4,0,1,73990,3,195,17,1,1,1,0,0
1,1,2,4,1,1,3,0,4,0,1,47990,3,1625,152,0,1,0,0,1
1,1,6,5,0,1,2,0,4,0,1,33990,3,6,0,0,1,0,0,1
1,1,6,5,0,4,0,2,4,0,0,27990,2,0,0,0,0,1,0,0
5,1,2,5,1,1,3,0,4,0,1,59990,3,26,4,0,1,1,0,0
4,1,2,5,1,1,3,0,1,0,0,94000,2,0,0,0,0,1,0,0
5,1,2,5,1,1,3,0,4,0,1,91999,3,16,2,0,1,1,0,0
1,1,2,5,1,5,3,0,1,0,1,63990,3,10,1,1,1,1,0,0
1,0,9,5,0,1,4,0,1,2,0,95990,3,57,3,0,0,0,1,0
3,0,8,5,0,1,3,0,4,2,1,98920,2,0,0,0,0,1,0,0
5,1,2,4,1,1,2,2,4,2,0,74999,3,268,25,0,0,0,1,0
3,1,2,5,1,1,3,0,4,1,2,71990,2,0,0,0,0,0,0,1
6,1,3,5,2,1,3,0,4,2,0,86990,2,0,0,0,0,1,0,0
3,0,7,5,1,1,2,0,4,0,0,36990,3,137,15,0,0,0,0,1
1,0,10,5,0,5,4,0,4,2,1,124990,3,44,12,1,1,1,0,0
1,0,9,5,0,2,3,0,1,2,1,111990,2,0,0,0,0,1,0,0
1,0,9,5,1,1,3,0,4,2,0,71990,3,1810,235,0,0,1,0,0
0,2,5,4,2,1,4,0,3,0,1,225990,3,42,8,0,0,1,0,0
5,0,8,5,0,1,3,0,4,0,1,77990,2,0,0,1,1,0,0,1
7,0,7,5,1,1,3,0,4,0,1,36990,3,11,2,0,0,1,0,0
3,0,8,5,1,1,3,0,4,0,1,59490,2,0,0,0,1,0,0,1
3,1,3,5,2,1,4,0,4,1,1,93955,3,4,0,0,1,1,0,0
1,1,3,4,2,1,0,2,4,1,0,93990,2,0,0,0,0,1,0,0
4,1,1,2,0,1,2,0,4,0,1,54238,3,71,8,1,1,1,0,0
4,1,2,5,2,1,3,0,4,0,1,74490,3,10,0,0,1,0,0,1
5,1,1,4,1,1,0,2,1,0,0,38999,2,7,2,0,0,1,0,0
1,1,3,5,2,5,3,0,4,0,0,94990,2,0,0,0,0,0,0,1
5,1,1,4,1,1,2,0,4,0,0,37990,3,286,36,0,0,0,0,1
1,1,3,5,2,1,4,0,1,2,1,194990,2,0,0,0,0,1,0,0
1,1,0,5,0,4,0,1,1,0,0,20490,2,637,91,0,0,1,0,0
3,0,7,5,1,1,0,2,4,0,0,37390,3,38,5,0,0,0,0,1
1,0,8,5,0,5,3,0,4,0,0,91990,2,0,0,1,0,1,0,0
4,0,8,5,1,1,3,0,4,0,1,73999,3,206,27,1,1,1,0,0
6,0,9,5,2,1,4,0,4,4,1,99990,3,108,24,0,0,1,0,0
3,1,1,5,1,1,3,0,4,0,0,45990,3,184,29,0,0,0,0,1
5,1,3,3,2,1,4,0,4,2,0,229900,2,0,0,0,0,0,0,1
4,1,2,5,1,1,3,0,4,0,0,55999,3,5,1,0,0,0,0,1
5,1,3,4,2,1,4,0,4,4,1,234990,2,0,0,0,1,1,0,0
3,1,2,5,1,1,2,2,4,1,1,69900,2,0,0,0,0,1,0,0
6,1,3,6,2,1,4,0,4,3,0,139990,3,4,2,0,0,1,0,0
4,0,8,5,1,1,3,0,4,0,1,51890,3,519,48,0,1,0,0,1
5,1,2,5,1,1,2,0,4,0,3,49490,3,365,35,0,1,1,0,0
1,1,2,5,1,1,3,0,4,2,1,76990,2,0,0,0,0,1,0,0
4,1,2,5,2,1,3,0,4,1,1,78000,3,512,85,0,0,1,0,0
3,0,8,5,0,1,3,0,4,0,1,60990,3,183,42,0,1,0,0,1
5,1,2,5,1,1,3,0,4,0,3,52990,3,300,24,0,1,1,0,0
1,1,0,5,0,1,0,1,4,0,0,26990,2,0,0,0,0,1,0,0
3,0,7,5,1,1,2,0,4,0,0,40590,2,0,0,0,0,0,0,1
1,0,8,5,0,1,2,2,4,0,1,62990,3,165,34,0,1,1,0,0
0,2,5,4,2,1,3,0,3,0,1,128990,3,45,4,0,0,1,0,0
1,1,3,4,2,1,4,0,4,3,1,224990,3,9,0,1,0,1,0,0
3,0,8,5,1,1,3,0,4,0,1,59490,3,74,18,0,0,0,0,1
1,1,1,4,0,1,3,0,4,0,1,39990,3,2551,297,0,1,0,0,1
4,1,3,5,2,1,4,0,4,3,1,136990,2,0,0,0,1,1,0,0
1,1,2,4,1,1,4,0,4,2,1,77990,3,187,26,0,0,1,0,0
4,1,3,5,2,1,3,0,4,2,1,90190,3,6,1,0,1,0,1,0
3,1,1,5,1,1,2,0,4,0,1,42990,3,17,2,0,0,0,0,1
1,1,1,5,1,1,2,0,4,0,1,37990,3,284,39,0,0,0,0,1
3,1,2,4,1,4,0,1,0,2,1,68090,0,23,4,0,0,1,0,0
3,1,1,4,1,1,0,2,4,0,1,39490,3,1917,189,0,1,0,0,1
1,1,1,4,1,1,2,0,4,0,0,33980,3,67,3,0,0,0,0,1
1,0,8,5,1,1,2,2,4,0,1,54990,3,49,6,0,0,1,0,0
5,1,2,4,1,1,3,0,1,0,3,48490,3,126,13,0,1,0,0,1
5,1,3,5,2,1,3,0,4,0,1,85990,3,77,10,1,1,1,0,0
6,1,2,5,1,5,3,0,4,0,1,79990,3,11,4,0,0,1,0,0
3,1,2,5,1,1,3,0,4,0,1,69490,3,72,7,0,1,0,0,1
3,1,2,5,1,1,0,2,4,0,1,48990,2,470,46,0,1,0,0,1
7,0,8,5,1,5,3,0,4,0,1,53990,3,7,0,0,0,0,0,1
2,1,2,1,1,1,3,0,4,0,0,65556,2,0,0,0,0,0,0,1
1,1,4,5,2,1,4,0,4,3,1,139990,2,0,0,0,0,0,1,0
3,1,3,5,2,1,3,0,4,2,1,99990,2,0,0,0,0,1,0,0
5,1,1,4,1,1,0,2,1,0,0,38990,2,0,0,0,0,1,0,0
5,1,1,4,0,1,2,0,1,0,0,40990,2,3,0,0,0,1,0,0
3,1,2,5,1,1,2,2,4,0,1,58990,3,114,9,0,1,1,0,0
4,0,7,5,1,1,3,0,4,0,1,41490,3,153,21,0,1,0,0,1
3,1,1,5,1,1,3,0,4,0,0,45930,2,0,0,0,0,0,0,1
1,0,10,5,2,5,4,0,4,2,1,114990,3,32,6,1,1,1,0,0
6,1,3,4,2,1,3,0,4,1,1,104990,3,85,9,0,0,1,0,0
7,1,0,5,0,1,0,1,1,0,0,23990,2,61,4,0,0,1,0,0
1,1,1,5,0,1,2,0,4,0,0,35990,2,0,0,0,0,1,0,0
1,1,1,4,0,1,0,2,4,0,0,38000,3,7,0,0,0,1,0,0
3,1,1,4,0,1,2,0,4,0,1,36990,3,1178,137,0,1,0,0,1
5,1,3,5,1,1,3,0,4,2,0,79990,3,5,2,0,0,0,1,0
1,1,2,2,1,1,3,0,4,0,0,85990,2,0,0,0,0,0,0,1
3,1,1,4,1,1,2,2,4,0,0,46390,1,95,5,0,0,0,0,1
4,1,2,5,1,1,3,0,4,0,1,53990,3,206,17,0,0,0,0,1
1,1,1,5,1,1,2,0,4,0,1,38490,2,19,3,0,0,1,0,0
1,1,2,5,1,5,3,0,4,0,1,73990,3,32,6,1,1,1,0,0
5,0,8,5,0,1,3,0,1,0,1,59900,2,3,0,0,0,1,0,0
4,0,8,5,2,1,3,0,4,0,1,59999,3,19,1,0,1,0,0,1
1,1,2,5,1,1,3,0,4,0,1,84990,3,10,2,1,1,1,0,0
1,0,8,5,0,1,3,0,4,0,1,58990,3,88,13,0,0,1,0,0
6,1,2,5,1,1,3,0,4,0,0,55490,2,8,1,0,0,0,0,1
3,0,8,5,0,1,4,0,1,0,0,57900,3,3,1,0,0,1,0,0
5,1,2,5,1,1,2,2,4,1,1,65990,3,241,19,0,1,1,0,0
3,1,2,5,0,1,2,2,4,0,1,55790,3,41,4,0,1,0,0,1
1,0,10,5,0,1,4,0,4,2,1,149990,2,0,0,0,0,1,0,0
1,1,2,5,1,5,3,0,4,0,0,74990,2,0,0,0,0,0,0,1
3,1,2,4,1,4,0,1,0,0,1,139990,2,0,0,0,0,0,0,1
7,1,1,5,0,1,0,2,1,0,0,36999,2,0,0,0,0,1,0,0
4,1,3,5,2,1,4,0,4,4,1,171990,2,0,0,0,1,1,0,0
3,0,8,5,1,1,2,2,4,0,0,49490,3,31,3,0,0,1,0,0
5,1,2,2,1,1,3,0,4,0,1,74990,2,3,1,0,1,0,0,1
4,0,8,5,0,1,3,0,1,2,0,68100,2,0,0,0,0,1,0,0
3,1,2,2,1,1,0,3,4,1,1,62317,3,377,53,0,1,1,0,0
4,1,1,5,1,1,3,0,4,0,1,41250,3,117,11,0,0,1,0,0
1,1,3,4,2,3,4,0,4,0,0,154990,4,3,0,0,0,1,0,0
3,1,2,5,2,1,3,0,4,0,0,70190,2,6,3,0,0,0,0,1
5,1,1,4,0,1,0,2,4,0,0,38999,2,65,5,0,0,1,0,0
6,0,10,5,0,1,4,0,4,0,0,146990,2,0,0,0,0,1,0,0
1,1,3,5,2,1,4,0,1,3,0,120980,2,0,0,0,0,1,0,0
5,1,1,5,0,1,2,0,4,0,0,43990,2,0,0,0,0,0,0,1
4,1,2,2,1,1,1,0,4,0,1,76012,3,129,16,0,0,0,0,1
5,1,1,5,1,1,2,0,4,0,1,38990,3,33,4,0,0,0,0,1
1,1,3,5,2,1,3,0,4,1,1,78990,3,35,4,0,1,1,0,0
1,1,2,4,1,1,0,2,4,0,0,56990,2,0,0,0,0,1,0,0
5,1,2,3,1,1,2,2,4,2,1,60990,3,131,17,0,1,1,0,0
5,1,2,5,1,1,3,0,4,0,1,82990,2,0,0,1,1,0,0,1
1,1,1,5,1,5,3,0,1,0,1,51990,3,6,2,1,1,1,0,0
1,1,2,5,1,5,3,0,4,0,1,99990,3,35,6,1,0,1,0,0
1,1,3,5,2,1,4,0,4,3,1,131500,2,0,0,0,0,1,0,0
1,1,2,5,1,1,3,0,4,0,1,53190,3,11,0,0,1,1,0,0
1,1,2,5,2,1,3,0,4,2,1,73490,3,213,45,0,0,1,0,0
1,1,0,5,0,1,0,1,4,0,0,22990,2,0,0,0,0,1,0,0
4,1,2,5,1,1,3,0,4,2,1,77990,2,0,0,0,1,0,1,0
0,2,5,4,1,1,2,0,3,0,1,112990,3,640,70,0,0,1,0,0
5,1,2,5,1,1,3,0,4,2,0,60990,2,14,6,0,0,0,1,0
5,1,2,5,2,1,3,0,4,1,1,70990,3,67,4,0,1,1,0,0
1,1,1,5,1,1,0,2,4,0,1,38680,2,17,1,0,0,1,0,0
1,0,10,5,0,1,4,0,1,3,0,138990,2,0,0,0,0,1,0,0
4,0,7,5,1,1,3,0,4,0,0,43490,3,163,33,0,0,0,0,1
2,1,3,2,1,1,2,0,4,0,0,73990,2,0,0,0,0,0,0,1
1,0,10,5,0,5,4,0,4,2,1,124990,4,3,0,1,1,1,0,0
6,1,3,4,2,1,3,0,4,2,1,109990,3,138,30,0,0,1,0,0
4,1,2,5,1,1,3,0,4,0,1,58340,3,69,6,0,1,0,0,1
1,1,3,4,2,3,4,0,4,0,0,165990,2,0,0,0,0,1,0,0
1,1,3,5,2,1,4,0,1,3,1,157249,3,7,0,0,0,1,0,0
1,0,8,5,1,1,3,0,4,0,1,62450,3,172,36,1,1,1,0,0
1,1,0,5,0,4,0,1,1,0,0,17990,2,1180,148,0,0,1,0,0
4,0,9,5,0,1,4,0,4,4,1,159990,3,17,2,0,0,1,0,0
3,0,8,5,0,1,3,0,4,3,0,76190,3,358,64,0,0,1,0,0
7,1,2,5,2,1,2,2,4,0,0,62490,2,8,0,0,0,1,0,0
5,0,8,5,1,1,3,0,4,2,0,69990,3,9,0,0,0,1,0,0
1,1,3,2,2,3,3,0,4,0,1,85990,3,18,0,0,0,0,0,1
6,1,1,4,0,1,2,0,4,0,0,38990,3,53,11,0,0,0,0,1
3,1,2,5,1,1,2,2,4,1,0,71695,3,153,16,0,0,1,0,0
1,1,3,5,2,5,4,0,4,0,1,119990,3,8,1,1,0,1,0,0
1,0,9,5,2,1,3,0,4,2,0,82990,3,1067,145,0,0,0,1,0
4,1,2,5,1,5,3,0,4,0,0,97990,4,3,1,1,0,1,0,0
1,1,0,5,0,1,0,2,4,0,1,23990,2,15279,1947,0,0,1,0,0
5,1,2,4,1,1,3,0,4,0,2,147000,2,0,0,0,0,0,0,1
4,1,2,5,1,1,2,2,4,2,1,71990,3,127,20,0,1,0,1,0
1,1,1,5,1,1,0,2,1,0,0,41500,2,4,0,0,0,1,0,0
3,1,2,5,1,1,3,0,4,1,1,79990,3,23,2,1,1,1,0,0
4,1,0,5,0,1,0,1,4,0,0,27990,2,596,65,0,0,1,0,0
3,1,2,5,1,1,3,0,4,0,1,78900,2,16,1,1,1,1,0,0
5,1,2,5,1,1,4,0,4,0,1,64990,2,4,0,0,1,0,0,1
1,1,3,5,1,1,3,0,4,0,1,77990,3,21,5,0,1,1,0,0
1,1,2,2,1,1,3,0,4,0,1,53690,3,19,3,0,0,0,0,1
3,0,9,5,0,1,3,0,4,0,1,89570,2,0,0,1,1,1,0,0
3,1,2,5,1,1,3,0,4,1,0,61990,3,35,4,0,0,0,0,1
4,0,7,5,1,1,2,2,4,0,1,41999,3,3524,432,0,1,1,0,0
1,1,1,4,1,1,0,2,4,0,1,32890,2,28,4,0,0,1,0,0
3,0,8,5,1,1,2,0,4,0,1,44490,3,14,1,0,0,0,0,1
6,1,1,5,1,1,3,0,4,0,0,48990,3,17,3,0,0,0,0,1
3,1,2,4,1,1,3,0,4,0,1,79500,3,10,1,0,1,0,0,1
4,1,1,5,1,1,3,0,4,0,1,42990,3,158,18,0,1,0,0,1
3,1,2,5,1,1,2,2,4,0,1,54990,2,353,28,0,1,0,0,1
4,1,2,5,1,1,3,0,4,1,1,76990,3,14,2,1,1,1,0,0
5,1,2,5,1,1,2,0,4,0,1,61999,1,4,0,0,1,1,0,0
1,1,2,5,1,1,2,2,4,0,1,64990,2,0,0,0,0,1,0,0
1,1,1,5,0,1,3,0,4,0,1,44890,2,7,0,0,0,1,0,0
0,2,5,4,2,1,3,0,3,0,1,225990,3,42,8,0,0,1,0,0
1,1,0,5,0,1,2,0,4,0,0,29890,3,7,0,0,0,1,0,0
5,0,8,5,0,5,3,0,4,0,2,74798,2,0,0,1,1,0,0,1
5,1,1,5,0,1,2,0,4,0,0,39998,3,10,1,0,0,1,0,0
4,1,1,5,1,1,3,0,4,0,0,44990,2,0,0,0,0,0,0,1
5,1,2,5,1,1,3,0,4,0,2,64990,3,48,12,1,1,1,0,0
6,1,2,4,1,4,0,1,0,4,0,179990,3,24,5,0,0,1,0,0
1,1,1,5,1,1,3,0,4,0,1,41990,2,0,0,0,1,0,0,1
